{
  "GET - Purchase Page" : {
    "transaction" : "GET - Purchase Page",
    "sampleCount" : 600,
    "errorCount" : 0,
    "errorPct" : 0.0,
    "meanResTime" : 1756.5349999999992,
    "medianResTime" : 1699.0,
    "minResTime" : 263.0,
    "maxResTime" : 5176.0,
    "pct1ResTime" : 2444.9,
    "pct2ResTime" : 2760.199999999999,
    "pct3ResTime" : 3928.94,
    "throughput" : 63.53240152477764,
    "receivedKBytesPerSec" : 418.0485791243117,
    "sentKBytesPerSec" : 7.879506829733163
  },
  "Total" : {
    "transaction" : "Total",
    "sampleCount" : 2400,
    "errorCount" : 0,
    "errorPct" : 0.0,
    "meanResTime" : 1495.822083333333,
    "medianResTime" : 1413.0,
    "minResTime" : 251.0,
    "maxResTime" : 5292.0,
    "pct1ResTime" : 2309.8,
    "pct2ResTime" : 2509.8499999999995,
    "pct3ResTime" : 3847.8899999999976,
    "throughput" : 203.7178507766743,
    "receivedKBytesPerSec" : 1222.358498323572,
    "sentKBytesPerSec" : 33.17378087598676
  },
  "POST - Search Flights" : {
    "transaction" : "POST - Search Flights",
    "sampleCount" : 600,
    "errorCount" : 0,
    "errorPct" : 0.0,
    "meanResTime" : 1459.8616666666674,
    "medianResTime" : 1365.5,
    "minResTime" : 358.0,
    "maxResTime" : 3989.0,
    "pct1ResTime" : 2207.6,
    "pct2ResTime" : 2375.8999999999996,
    "pct3ResTime" : 3099.830000000001,
    "throughput" : 85.95988538681948,
    "receivedKBytesPerSec" : 609.7784965974212,
    "sentKBytesPerSec" : 17.62849212034384
  },
  "POST - Confirm Purchase" : {
    "transaction" : "POST - Confirm Purchase",
    "sampleCount" : 600,
    "errorCount" : 0,
    "errorPct" : 0.0,
    "meanResTime" : 1513.9983333333325,
    "medianResTime" : 1437.0,
    "minResTime" : 251.0,
    "maxResTime" : 5292.0,
    "pct1ResTime" : 2457.5,
    "pct2ResTime" : 3259.9999999999986,
    "pct3ResTime" : 4340.6100000000015,
    "throughput" : 67.29475100942128,
    "receivedKBytesPerSec" : 381.09639622588605,
    "sentKBytesPerSec" : 14.12926901076716
  },
  "GET - Homepage" : {
    "transaction" : "GET - Homepage",
    "sampleCount" : 600,
    "errorCount" : 0,
    "errorPct" : 0.0,
    "meanResTime" : 1252.893333333334,
    "medianResTime" : 1194.0,
    "minResTime" : 369.0,
    "maxResTime" : 2552.0,
    "pct1ResTime" : 1838.3999999999999,
    "pct2ResTime" : 1957.8999999999999,
    "pct3ResTime" : 2351.55,
    "throughput" : 111.52416356877323,
    "receivedKBytesPerSec" : 520.1571212825279,
    "sentKBytesPerSec" : 12.524686338289962
  }
}