{
  "GET - Purchase Page" : {
    "transaction" : "GET - Purchase Page",
    "sampleCount" : 9566,
    "errorCount" : 0,
    "errorPct" : 0.0,
    "meanResTime" : 302.67426301484437,
    "medianResTime" : 291.0,
    "minResTime" : 248.0,
    "maxResTime" : 1195.0,
    "pct1ResTime" : 350.0,
    "pct2ResTime" : 386.64999999999964,
    "pct3ResTime" : 484.3299999999999,
    "throughput" : 32.31167287048984,
    "receivedKBytesPerSec" : 212.61527141163438,
    "sentKBytesPerSec" : 4.007404740773643
  },
  "Total" : {
    "transaction" : "Total",
    "sampleCount" : 38421,
    "errorCount" : 0,
    "errorPct" : 0.0,
    "meanResTime" : 299.9530204835893,
    "medianResTime" : 287.0,
    "minResTime" : 245.0,
    "maxResTime" : 3757.0,
    "pct1ResTime" : 344.0,
    "pct2ResTime" : 380.0,
    "pct3ResTime" : 487.0,
    "throughput" : 128.4583724794629,
    "receivedKBytesPerSec" : 773.2168361147285,
    "sentKBytesPerSec" : 26.947672969820424
  },
  "POST - Search Flights" : {
    "transaction" : "POST - Search Flights",
    "sampleCount" : 9641,
    "errorCount" : 0,
    "errorPct" : 0.0,
    "meanResTime" : 299.1149258375688,
    "medianResTime" : 287.0,
    "minResTime" : 247.0,
    "maxResTime" : 923.0,
    "pct1ResTime" : 344.0,
    "pct2ResTime" : 377.89999999999964,
    "pct3ResTime" : 486.15999999999985,
    "throughput" : 32.41282392652062,
    "receivedKBytesPerSec" : 232.7157722335969,
    "sentKBytesPerSec" : 7.565102459412528
  },
  "POST - Confirm Purchase" : {
    "transaction" : "POST - Confirm Purchase",
    "sampleCount" : 9491,
    "errorCount" : 0,
    "errorPct" : 0.0,
    "meanResTime" : 302.7253187229996,
    "medianResTime" : 290.0,
    "minResTime" : 248.0,
    "maxResTime" : 3757.0,
    "pct1ResTime" : 350.0,
    "pct2ResTime" : 388.0,
    "pct3ResTime" : 495.2399999999998,
    "throughput" : 32.21230047617593,
    "receivedKBytesPerSec" : 182.4229216993083,
    "sentKBytesPerSec" : 11.985240704514677
  },
  "GET - Homepage" : {
    "transaction" : "GET - Homepage",
    "sampleCount" : 9723,
    "errorCount" : 0,
    "errorPct" : 0.0,
    "meanResTime" : 295.4005965237053,
    "medianResTime" : 283.0,
    "minResTime" : 245.0,
    "maxResTime" : 797.0,
    "pct1ResTime" : 340.0,
    "pct2ResTime" : 375.0,
    "pct3ResTime" : 485.7600000000002,
    "throughput" : 32.51045731309747,
    "receivedKBytesPerSec" : 151.63295990861764,
    "sentKBytesPerSec" : 3.6510767490295013
  }
}